Relevance,Explanation
RELEVANT,"The generated answer directly addresses the question by providing a method to ensure the output is in JSON format when creating a service, specifically by using the `-o json` flag with the `kubectl create service` command. It also explains the use of the `--dry-run=client` flag, providing a clear and relevant solution."
RELEVANT,"The generated answer accurately describes the purpose of ResourceClaims in Kubernetes, explaining that they describe the resources a workload needs and are involved in dynamic resource allocation to provide access to specific resources. This provides a correct and relevant response to the question asked."
RELEVANT,"The generated answer correctly identifies 'watch' as a verb used in Kubernetes to track changes to an object. It explains its purpose, which is to efficiently detect changes through a continuous monitoring stream rather than periodic polling, directly addressing the question."
RELEVANT,"The generated answer directly addresses the question by providing the options available for the `--dry-run` flag when creating a namespace, which are `server`, `client`, or `none`. This information is relevant and specific to the question asked."
RELEVANT,"The generated answer accurately describes the effect of the `--overwrite` flag when updating labels on a resource, directly addressing the question by explaining its role in allowing existing labels to be overwritten and the consequence of not using the flag."
RELEVANT,"The generated answer directly addresses the question by confirming that it is possible to scale multiple replication controllers at once and provides an example command to achieve this using 'kubectl scale'. This aligns well with the context of the question, which is about scaling replication controllers."
RELEVANT,"The generated answer directly addresses the question by explaining how to change the output format using the `-o` option with a specific command example. It accurately reflects the process of altering the output format of last-applied-configuration annotations, making it highly relevant to the question."
PARTLY_RELEVANT,"The generated answer correctly mentions that certificates are used for secure access to the Kubernetes API and validating clients. However, it only partially addresses the question, as certificates within a Kubernetes cluster also serve other purposes such as securing communication between various components within the cluster, and ensuring the authenticity and confidentiality of data. The explanation could have been more comprehensive regarding the full range of purposes that certificates serve within a Kubernetes cluster."
RELEVANT,"The generated answer accurately describes the use of logs in a Kubernetes cluster. It explains that logs record events from the system or application and are useful for monitoring cluster activity and debugging problems, which directly addresses the question."
RELEVANT,The generated answer addresses the advantage of using a StatefulSet with persistent storage volumes by explaining how persistent Pod identifiers facilitate the matching of existing storage volumes to new Pods. This aligns with the context of the question about dealing with persistent storage volumes.
RELEVANT,"The generated answer accurately addresses the question by explaining how replicas provide high availability and scalability through multiple instances, efficient load balancing, and fault tolerance. It also touches on relevant concepts such as rolling updates and self-healing in a Kubernetes cluster, which are directly related to improving application availability and scalability."
RELEVANT,"The generated answer accurately lists and explains the different arguments you can specify when deleting resources in Kubernetes. Each point corresponds directly to typical command-line arguments used for resource deletion in Kubernetes, addressing the question comprehensively."
RELEVANT,"The generated answer correctly identifies the types of machines a Kubernetes worker node can be, which are a Virtual Machine (VM) or a physical machine. This directly addresses the question posed."
RELEVANT,"The generated answer is relevant as it directly addresses how kOps can set up the cloud infrastructure necessary for a Kubernetes cluster. It provides specific actions and features, such as provisioning cloud infrastructure, supporting high availability, and using DNS for cluster identification, which are directly related to the setup process. Additionally, it mentions supporting different operating systems and offering automated installation processes, further highlighting kOps' capabilities relevant to the question."
RELEVANT,The generated answer directly addresses the question by providing the correct command 'kubectl api-resources' to print all supported API resources on a Kubernetes server.
RELEVANT,The generated answer accurately addresses the question by specifying that PodSecurityPolicy was deprecated in Kubernetes v1.21. This information directly responds to the query regarding the deprecation timeline of PodSecurityPolicy.
RELEVANT,"The generated answer accurately provides the command needed to create a role in Kubernetes that allows getting, watching, and listing pods, which directly addresses the question."
RELEVANT,"The generated answer accurately explains the primary difference between mutating and validating admission controllers. It states that mutating admission controllers can modify the objects they admit, whereas validating admission controllers cannot, which directly addresses the question."
RELEVANT,"The generated answer accurately and thoroughly explains the mechanisms Kubernetes employs to ensure consistent deployment and management of containerized applications across different environments. It addresses important components like replicas, kubelet, statefulsets, and resource management, which are central to achieving deployment consistency. Therefore, the answer is directly relevant to the question."
PARTLY_RELEVANT,"The generated answer mentions that CLAs help resolve legal disputes involving contributed material and intellectual property (IP), which tangentially relates to the question about their relation to IP in open source projects. However, it doesn't directly address how CLAs specifically relate to IP in the context of open source, such as their role in licensing or contribution management."
PARTLY_RELEVANT,"The generated answer addresses a potential situation where a Pod cannot be initially scheduled by mentioning a preemption mechanism, which is relevant. However, it does not fully explain other possibilities, such as a Pod being in a pending state due to lack of resources. Thus, it is only partly relevant."
RELEVANT,The generated answer provides a direct reference to the official source for finding a list of current Special Interest Groups (SIGs) and Working Groups in Kubernetes by linking to the relevant GitHub repository and file. This accurately addresses the question asked.
PARTLY_RELEVANT,"The generated answer suggests changing the configuration of the API server, which is a correct approach to modify the activation status of an API group in Kubernetes. However, it lacks specific details on how to do this, such as mentioning specific configuration files or flags. As such, the answer is only partially relevant since it provides a general direction without concrete steps."
RELEVANT,"The generated answer correctly explains the role of admission controllers when a request is made to the Kubernetes API server. It details the function of admission controllers in intercepting requests, their types (validating and mutating), and what each type can do. This directly addresses the question by describing their purpose and actions in the context of request handling in Kubernetes."
RELEVANT,"The generated answer appropriately defines what a disruption is in the context of Kubernetes and its impact on workload management. It describes how disruptions affect Pods, which can lead to reduced application availability, directly answering both parts of the question regarding the nature of disruptions and their implications for managing workloads. The additional details about voluntary and involuntary disruptions further enrich the explanation, demonstrating a comprehensive understanding of the topic."
RELEVANT,"The generated answer correctly provides the kubectl command needed to check the rollout status of a daemonset named 'foo', matching the user's query accurately."
PARTLY_RELEVANT,"The generated answer correctly explains that the 'kubectl rollout restart RESOURCE' command is used to restart a resource, leading to the restart of its rollout. However, it incorrectly mentions applying a YAML file, which is unrelated to the purpose of the command, making the explanation partially relevant."
PARTLY_RELEVANT,"The generated answer mentions activities such as deploying new nodes and managing day-to-day operations, which are related to cluster management but not specifically to the detailed aspects of configuring cluster networking. The answer lacks specific details on networking aspects like setting up network policies, service discovery, ingress, or egress rules, which are typically involved in configuring cluster networking."
RELEVANT,"The generated answer appropriately explains the purpose of a UID in Kubernetes by stating that it is a systems-generated string used to uniquely identify objects. It further clarifies that every object within a Kubernetes cluster has a distinct UID, which distinguishes between historical occurrences of similar entities. This directly addresses the question about the purpose of a UID in Kubernetes."
RELEVANT,"The generated answer correctly explains the purpose of the 'kubectl drain' command, which is to safely evict all pods from a node, marking it for maintenance or removal from a Kubernetes cluster. This directly addresses the question and provides relevant details about the functionality of the command."
RELEVANT,"The generated answer accurately describes how a StatefulSet maintains a unique identity for each Pod, even when rescheduled. It explains the concept of 'sticky identity' and contrasts it with Deployments, directly addressing the question."
RELEVANT,"The generated answer directly addresses the question by explaining how to set multiple environment variables when starting a pod using the `kubectl run` command. It accurately describes the method of using the `--env` flag multiple times, which is exactly what the question seeks to understand."
PARTLY_RELEVANT,"The generated answer touches on the importance of interacting with surrounding components by mentioning scalability and maintainability. However, it lacks detail on why this interaction is important, such as benefits in functionality, efficiency, or user experience."
RELEVANT,"The generated answer correctly identifies the API server as the component that acts as the front end for the Kubernetes control plane, directly addressing the question asked."
PARTLY_RELEVANT,"The generated answer addresses the use of the legacy term 'Master' in some provisioning tools and managed services, which is relevant to the question. However, the mention of 'kubernetes.io/role' lacks context and explanation, making the answer partially incomplete in explaining how the term is used. More details about how the term 'Master' fits into modern provisioning and service contexts would have improved the relevance."
PARTLY_RELEVANT,"The generated answer provides a specific section of documentation for 'Network Plugins' that may contain information about CNI, this partially addresses the question. However, it does not explicitly cover the broader topic of Kubernetes, and does not indicate that it's a comprehensive source for Kubernetes information beyond the CNI aspect."
PARTLY_RELEVANT,"The generated answer mentions that an approver's authority is scoped to a part of the Kubernetes codebase and outlines responsibilities such as ensuring compatibility and conventions adherence. However, it does not explicitly address the extent or limitations of the authority within that scoped part, which is the primary focus of the question."
RELEVANT,The generated answer directly addresses the question by providing the precise command needed to view the resource usage metrics for all pods within a specific namespace in Kubernetes. It is relevant because it offers a clear and actionable solution to the problem posed in the question.
RELEVANT,"The generated answer accurately describes how kube-proxy facilitates communication to Pods within a Kubernetes cluster by maintaining network rules that manage traffic to and from Pods. It also explains the method of using the operating system's packet filtering and forwarding traffic, which is relevant to the question's focus on communication facilitation by kube-proxy."
RELEVANT,"The generated answer accurately explains the differences between static and dynamic provisioning in Kubernetes storage. It details the manual process required in static provisioning and contrasts it with the automatic, on-demand nature of dynamic provisioning, while mentioning relevant Kubernetes concepts like PersistentVolumes and StorageClass."
RELEVANT,"The generated answer directly addresses the question by pointing to a specific section where more detailed information about device plugins can be found. It provides a resource for further reading, which is relevant to the user's query."
PARTLY_RELEVANT,"The generated answer correctly identifies that a cluster architect designs infrastructure involving Kubernetes clusters and focuses on best practices like high availability and security. However, it doesnâ€™t specify the precise role and responsibilities of a cluster architect in the context of designing Kubernetes infrastructure specifically. More detail is needed to fully align with the nuances of the question."
PARTLY_RELEVANT,"The answer correctly states that the 'kubectl create serviceaccount' command is used to create a service account with a specified name. However, it does not elaborate on the broader purpose of using service accounts in Kubernetes, such as providing an identity for processes running in a pod to interact with the Kubernetes API, which would give a more complete understanding of the command's purpose."
RELEVANT,The generated answer accurately describes the significance of the 'phase' field in Kubernetes' PodStatus by explaining its role in providing a high-level summary of a Pod's lifecycle and listing the possible phases a Pod can be in. This directly addresses and explains the significance as asked in the question.
RELEVANT,The generated answer directly addresses the question by providing the correct kubectl command to create a namespace called 'my-namespace'. The content is accurate and precisely matches the informational need posed by the question.
RELEVANT,"The generated answer accurately explains how to specify ports when creating a LoadBalancer service using `kubectl`. It provides the correct syntax and a clear example, directly addressing the question."
PARTLY_RELEVANT,"The generated answer provides a basic idea of how flags are used in the kubectl command syntax by showing 'kubectl [flags]'. However, it lacks specific details about the different flags available or how they are used in commands besides a generic link to more documentation. The initial sentence about kubectl controlling the Kubernetes cluster manager is correct but doesn't address the question's request for basic syntax with flags."
RELEVANT,"The generated answer correctly states that Kubernetes uses JWTs as authentication tokens to verify the identity of entities that want to perform actions in a cluster. This directly addresses the question about how Kubernetes utilizes JWTs for authentication, indicating a relevant response."
PARTLY_RELEVANT,"The generated answer identifies general computer resources such as processing power, storage memory, and network, which are relevant to Kubernetes as they form the foundational resources managed by Kubernetes. However, it lacks a more specific explanation or mention of Kubernetes-specific terminology and concepts such as nodes, pods, and clusters, which are crucial for understanding it within the context of Kubernetes."
RELEVANT,"The generated answer provides the correct command to perform a rollback to the previous deployment in Kubernetes, which directly addresses the question."
PARTLY_RELEVANT,"The generated answer correctly provides the general command syntax 'kubectl create service [flags]' for creating a service in Kubernetes. However, it lacks detail regarding specific subcommands or examples of flags that might be necessary for a complete and fully relevant response. Therefore, while it addresses the question to some extent, it is only partly relevant."
NON_RELEVANT,"The proposed command 'kubectl get pods -A -o=custom-columns='DATA:metadata.*'' is syntactically incorrect for displaying all metadata fields. While it addresses applying a filter to metadata, the use of 'metadata.*' does not correctly access all metadata properties, and the custom-columns option requires explicit field names rather than wildcards. Therefore, the provided solution does not accurately answer the question of displaying all metadata fields for pods."
RELEVANT,The generated answer directly addresses the question by providing the correct syntax for viewing the resource consumption of a specific pod by its name using the 'kubectl' command.
RELEVANT,"The generated answer directly addresses the question by explaining how checks, specifically probes, impact the lifecycle of a container. It outlines how these checks evaluate the state and health of a container, informing decisions such as restarting or terminating the container, thus influencing its lifecycle."
PARTLY_RELEVANT,"The generated answer mentions the use of IP networking and referencing an external name in DNS, which are potential networking methods. However, it lacks a comprehensive explanation of all possible networking methods that Kubernetes Services can use, such as ClusterIP, NodePort, LoadBalancer, and ExternalName types, which are more specific to Kubernetes Services."
PARTLY_RELEVANT,"The generated answer provides a method for customizing the display of fetched resource attributes using the `kubectl get` command with the `-o custom-columns` option. However, the question asks about specifying attributes using a template, which does not directly relate to the method described. The concept of selecting specific attributes is partly relevant, but the specific context of using a template is not addressed."
RELEVANT,"The generated answer correctly states that an Ingress object can provide name-based virtual hosting features for a cluster, which directly addresses the question regarding whether an Ingress object can provide virtual hosting features."
RELEVANT,"The generated answer directly addresses the question by stating that platform developers can indeed create extensions that are not shared publicly. It provides specific types of extensions, such as closed-source commercial or site-specific ones, that support the answer's relevance."
PARTLY_RELEVANT,"The generated answer provides a reference to a 'Dockershim FAQ,' which may contain relevant information about the removal of dockershim. However, without a complete and direct link or URL, the answer lacks enough specificity to direct the user effectively to the information they need, making it only partly relevant."
RELEVANT,"The generated answer provides a specific command that demonstrates how to create a cluster role in Kubernetes with the ability to access specific pod resources by name, which directly addresses the user's question."
RELEVANT,"The generated answer directly addresses the question by providing a specific command that can be used to retrieve logs from a pod with multiple containers. It also includes instructions on replacing the placeholder with the actual pod name, ensuring clarity and usability."
NON_RELEVANT,"The generated answer suggests using 'kubectl cluster-info dump' for debugging and diagnosing cluster problems, which does not directly address the question. The question asks about the type of information provided by 'kubectl cluster-info', not about troubleshooting or using a different command."
PARTLY_RELEVANT,"The generated answer mentions that the Gateway API is extensible, which addresses part of the question. However, it does not provide specific details on the aspects or ways in which the API is extensible, such as mentioning specific features or capabilities that demonstrate this extensibility."
NON_RELEVANT,"The generated answer discusses 'disruptions' and the concept of 'involuntary disruptions' in Kubernetes, which refer to events affecting pods. However, it does not directly address what it means specifically for a node to be marked as going out of service. The question is about the status of the node, not about pod disruptions."
RELEVANT,"The generated answer directly addresses the question by providing the correct command and example for removing an annotation from a Kubernetes resource, which fulfills the query accurately and completely."
PARTLY_RELEVANT,"The generated answer provides a command that partially addresses the question. The 'kubectl describe TYPE' command gives a description of resources of a particular type, but it might not cover detailed descriptions of all resources of that type fully. Additionally, specifying 'all resources' might require further clarification or additional flags to ensure all relevant details are included."
RELEVANT,"The generated answer accurately describes the function of the 'kubectl apply set-last-applied -f FILENAME' command. It correctly explains that the command updates the last-applied-configuration annotations to match the contents of a specified file, without altering other parts of the object, which directly addresses the question."
RELEVANT,"The generated answer correctly explains the primary function of a ResourceQuota in a Kubernetes namespace. It describes how a ResourceQuota constrains resource consumption either by limiting the quantity of resources or the total amount of resources that can be consumed in the namespace, which aligns with the question asked."
PARTLY_RELEVANT,"The generated answer touches on Istio's ability to provide uniform service management across different platforms, which is relevant to how it interacts with platforms like Kubernetes. However, it lacks specific details about the interaction with Kubernetes and other cluster management platforms."
RELEVANT,"The generated answer is relevant as it directly addresses the role of automation in enforcing immutability within infrastructure. It explains how automation can prevent unauthorized changes and ensure a system's immutability, which aligns with the core concept of immutability in infrastructure management. This relevance is reflected in the clarification of security and operational benefits provided by the automation."
RELEVANT,"The generated answer correctly identifies the main difference in timing between PostStart and PreStop hooks: PostStart executes immediately after a container is created, and PreStop executes immediately before a container is terminated. This directly addresses the timing aspect mentioned in the question."
RELEVANT,"The generated answer correctly explains why resource names need to be unique within a namespace, addressing points such as effective organization, management, and accurate identification of resources within Kubernetes. It also discusses the prevention of conflicts and confusion, directly aligning with the rationale behind requiring unique names within namespaces."
RELEVANT,"The generated answer accurately describes how cAdvisor collects and manages data for each container. It explains that cAdvisor runs as a daemon and provides details on the types of data collected such as resource parameters and network statistics, aligning well with the question asked."
RELEVANT,"The generated answer directly addresses the question by providing the exact command needed to list API resources from the specified API group, 'rbac.authorization.k8s.io'. It is accurate and directly applicable for the task described in the question."
PARTLY_RELEVANT,"The generated answer focuses on the technical application of labels in a Kubernetes environment, which is a specific context. While this provides an example of why labels might be meaningful and relevant, it does not address broader reasons applicable to a variety of contexts where users might find labels meaningful, such as in UI/UX design, classification, or simple categorization outside of technical systems."
RELEVANT,"The generated answer accurately describes the different uses of the term 'downstream' in the contexts of the Kubernetes Community and GitHub/git. It explains how 'downstream' relates to third-party tools and code ecosystems in Kubernetes, and how it pertains to forked repositories in GitHub or git. This directly addresses the question by comparing both usages."
RELEVANT,"The generated answer accurately explains why node-pressure eviction is important for preventing resource starvation in a Kubernetes cluster. It describes how the kubelet monitors resource consumption levels and proactively evicts pods to reclaim resources, thus preventing resource exhaustion and potential starvation."
RELEVANT,"The generated answer correctly indicates that the Kubernetes documentation provides a list of current feature gates and their functions, which directly addresses the question asked."
RELEVANT,"The generated answer accurately addresses the role of a Pod within Kubernetes by describing it as the smallest and simplest Kubernetes object, representing a set of running containers. It also explains that a Pod can contain a primary container along with optional sidecar containers and is commonly managed by a controller, which provides a clear understanding of its purpose and functionality within Kubernetes."
RELEVANT,"The generated answer directly addresses the question by explaining how to specify a command in the context of creating a job with 'kubectl'. The provided example illustrates how a command can be included at the end of the 'kubectl create job' command, which is relevant to the query about specifying a command for the job to execute."
PARTLY_RELEVANT,"The generated answer provides a command to watch a specific revision of a rollout using the `kubectl rollout status` command, which is relevant to the question. However, it does not address the aspect of terminating the rollout if it gets replaced by another, which is an essential part of the question. Thus, the answer is only partly relevant."
PARTLY_RELEVANT,"The generated answer mentions that applications are containerized and run within the Applications layer of Kubernetes, which partially addresses the preparation aspect. However, it lacks details on the specific preparation process or procedures described in the text. The context of 'this layer' and how the applications are directly prepared isn't thoroughly addressed."
PARTLY_RELEVANT,"The answer correctly mentions that fractional numbers can be represented using milli units in Kubernetes, but it incorrectly states that `1.5` is represented as `1500m` when it should be `1500m` representing `1.5` as `1500m` is an unconventional representation lacking clarity. The general concept is captured, but the specific example is incorrect."
RELEVANT,The generated answer directly addresses the role of worker nodes in managing application workloads by explaining that they host the components of the application workload in a Kubernetes cluster and run the containerized applications. It accurately describes the function of worker nodes in relation to application management by clarifying that they may be VMs or physical machines and are managed by the control plane for ensuring high availability and fault tolerance.
RELEVANT,"The generated answer correctly identifies the main purpose of an Ingress in Kubernetes, which is to manage external access to the services in a cluster, typically using HTTP. This directly addresses the question's query about the purpose of Ingress."
RELEVANT,"The generated answer accurately describes the role of key/value pairs in labeling objects by explaining that labels are used to organize and select subsets of objects. It also highlights the relevance to users and the ability to tag and update objects, which directly answers the question about the role of key/value pairs."
RELEVANT,"The generated answer correctly identifies cgroups and kernel namespaces as Linux kernel features utilized by Docker for resource isolation. These are well-known mechanisms Docker uses to ensure that containers remain isolated in terms of resource allocation and namespace separation, precisely addressing the question."
PARTLY_RELEVANT,"The generated answer correctly identifies that extensions are software components that extend Kubernetes. However, it is overly specific and assumes that extensions are primarily for supporting new types of hardware, which is not entirely accurate. Kubernetes extensions can be used for a wide range of purposes, such as adding new APIs or functionalities, integrating with external systems, supporting specific workloads, and more. Therefore, while the answer touches on part of the truth, it is incomplete and somewhat misleading."
RELEVANT,"The generated answer accurately explains how Kubernetes uses controllers and schedulers. It describes the function of controllers as entities that ensure the current state of the cluster matches the desired state and explains how schedulers use rules and resource availability to decide where to place pods. Both components are clearly related to the question, making the answer relevant."
NON_RELEVANT,"The generated answer mentions key, value, and effect, which are not relevant to the core properties of a Kubernetes object. A core object in Kubernetes typically requires properties such as 'apiVersion', 'kind', 'metadata', and possibly 'spec'. The answer does not address these fundamental properties, making it non-relevant to the question."
PARTLY_RELEVANT,"The generated answer touches on the idea that specifying an API Group helps organize and extend the Kubernetes API by grouping related resources. However, it doesn't fully explain the specific significance or impact of specifying an API Group when creating a cluster role. It provides a command example, which is somewhat relevant but does not directly answer the theoretical aspect of the question."
PARTLY_RELEVANT,"The generated answer partially addresses the question by stating that annotations can have large or small data. However, it does not directly address any specific restrictions on size or format, such as exact size limits or specific format requirements that Kubernetes might impose."
RELEVANT,"The generated answer provides the correct command to display the rollout history of a specific deployment in Kubernetes by using 'kubectl rollout history deployment/abc', directly addressing the question."
RELEVANT,"The generated answer directly responds to the question by specifying the command used to display the supported API versions and describes the format in which they are displayed, which is 'group/version'. This directly aligns with the query about the format of supported API versions."
RELEVANT,"The generated answer accurately explains the difference between an ExternalName service and a regular service in Kubernetes. It notes that an ExternalName service references an external DNS address rather than pointing to pods within the cluster, which is the key difference compared to regular services that expose network applications running as pods within the cluster using Kubernetes IP networking."
PARTLY_RELEVANT,"The generated answer correctly identifies that a 'Managed Service' involves maintenance by a third-party provider, which is relevant. However, the examples provided (AWS EC2, Azure SQL Database, GCP Pub/Sub) don't fully capture the definition of Managed Services as they are more platform or infrastructure examples rather than traditional managed service models. The answer lacks details on how Managed Services typically include operations, maintenance, and monitoring from the provider's side."
RELEVANT,"The generated answer accurately identifies and describes the two types of pod disruptions mentioned in Kubernetes, which are voluntary disruptions and involuntary disruptions, directly answering the question."
RELEVANT,"The generated answer accurately explains that if the last-applied-configuration annotation does not exist, using 'kubectl apply set-last-applied' will create the annotation based on the file specified. This directly addresses the question about the behavior when the annotation is missing."
RELEVANT,"The generated answer correctly identifies the purpose of the 'kubectl set' command as being used to configure application resources in Kubernetes. It explains that these commands help make changes to existing resources, which aligns with the intended functionality of 'kubectl set'."
NON_RELEVANT,"The generated answer incorrectly suggests using the `-o json` option with the `kubectl edit` command, which is not possible as `kubectl edit` does not support output format flags like `-o`. The proper way to edit a resource in JSON format is to use `KUBECTL_EXTERNAL_EDITOR` or similar methods, but this was not mentioned in the generated answer. Therefore, the answer does not provide relevant information for the question asked."
RELEVANT,"The generated answer accurately describes how Kubernetes handles the allocation of devices to specific claims through Dynamic Resource Allocation (DRA). It explains the process of defining device classes, claiming resources in workloads, and the creation of ResourceClaim objects, which directly addresses the question about Kubernetes' approach to device allocation."
RELEVANT,"The generated answer directly explains how EndpointSlices relate to the IP addresses of Pods by detailing how they are used to track IP addresses of Pods and how they are managed by the EndpointSlice controller or manually in the context of Services, thus accurately addressing the question."
RELEVANT,"The generated answer directly addresses the question by stating that HostAliases is only valid for non-hostNetwork Pods, implying that it cannot be used with hostNetwork Pods. This information is relevant because it directly responds to the question about the compatibility of HostAliases with hostNetwork Pods."
PARTLY_RELEVANT,"The generated answer mentions AWS EC2, Azure SQL Database, and GCP Pub/Sub, which are cloud services, but they are not explicitly examples of 'Managed Services' in the context of third-party providers. Managed Services typically refer to management of IT infrastructure and end-user systems, such as IT support, network management, and infrastructure monitoring. The generated answer does not accurately reflect this, as it lists cloud services that are part of cloud infrastructure rather than managed IT services."
PARTLY_RELEVANT,"The generated answer correctly identifies that Kubernetes utilizes mechanisms related to the operating system to manage resources, which can include primitives like cgroups and namespaces. However, it lacks specific details such as mentioning how Kubernetes works with these primitives through components like the kubelet or resource limit settings, making the answer somewhat general."
PARTLY_RELEVANT,"The generated answer provides a command for creating an ingress with a specified path and ingress class, which aligns with the question's requirements. However, the command uses 'kubectl create ingress' which is not a valid command in Kubernetes; correct usage involves creating an ingress object via YAML configuration and applying it. Thus, while conceptually aligned, the technical accuracy is lacking."
RELEVANT,The generated answer directly addresses the question by stating that SIGs must adhere to governance guidelines but are allowed to have their own methods of contribution and communication. This directly answers the query about whether SIGs can have their own unique processes apart from governance guidelines.
RELEVANT,"The generated answer directly addresses the question by highlighting the key differences of the Gateway API in Kubernetes. It correctly identifies that the Gateway API is specialized for service networking with extensible, role-oriented, and protocol-aware capabilities, which sets it apart from more general-purpose APIs in Kubernetes."
RELEVANT,"The generated answer directly addresses the question by stating that contributing code is not the only way to participate in the Kubernetes community. It provides alternative ways developers can contribute, such as donating documentation, providing feedback, organizing events, and engaging with the community. This comprehensive response confirms that the answer is relevant to the question asked."
RELEVANT,"The generated answer accurately addresses the main goal of the CNCF by highlighting its mission to build sustainable ecosystems, foster a community around projects, and make cloud native computing ubiquitous. This aligns with the general purpose of the CNCF, making the generated answer relevant to the question."
PARTLY_RELEVANT,"The generated answer provides a command using 'kubectl' to remove an environment variable from all deployment configurations while specifically targeting a container by name. However, the syntax '--containers=""c1""' is incorrect for removing environment variables using 'kubectl set env'. The correct syntax should directly target the container within the deployment configuration, which is not fully addressed in the generated answer. Therefore, the answer is only partially relevant as it attempts to address the question but fails in technical accuracy and completeness."
PARTLY_RELEVANT,"The generated answer mentions that Istio helps enforce policies and aggregate telemetry data, which partially addresses the primary functions in terms of policy enforcement and telemetry data aggregation. However, it does not delve into specific functions or mechanisms Istio provides for these tasks, thus not fully answering the question."
RELEVANT,"The generated answer directly addresses the question by explaining that a Pod's state may be described as 'Unknown' due to communication errors between the Kubernetes control plane and the node. This reason aligns with common understanding of why the state might be unknown, demonstrating that the answer appropriately responds to the question."
RELEVANT,"The generated answer correctly explains the differences between a Kubernetes Pod and a Node. It specifies that a Pod is the smallest Kubernetes object representing a set of containers, while a Node is a worker machine within the cluster containing daemons and services to run Pods. The explanation accurately and clearly addresses the question."
RELEVANT,"The generated answer accurately explains that a CronJob determines when to execute a task by specifying a schedule using the cron format, which is precisely what the question inquires about."
PARTLY_RELEVANT,"The generated answer addresses the question somewhat by acknowledging that the term may have different meanings in different contexts, which can contribute to it being described as overloaded. However, it lacks specificity and does not directly explain why the documentation specifically describes the term as overloaded."
RELEVANT,"The generated answer accurately addresses the role of ownership in Kubernetes garbage collection by explaining how ownership defines relationships between objects and affects their removal. It outlines the process of automatic cleanup of resources based on ownership, which is central to how garbage collection operates in Kubernetes."
PARTLY_RELEVANT,"The generated answer correctly identifies that Kubernetes uses a RESTful interface to serve functionality, which is relevant to the question. However, it is vague and circular regarding the storage aspect. The question asks about the type of interface and how the state is stored. While mentioning RESTful interfaces partially addresses the interface part, it does not explicitly cover the state storage aspect, which involves components like etcd. Hence, the answer is partially relevant."
RELEVANT,"The generated answer accurately describes the use of ResourceClaimTemplates in the context of Kubernetes' dynamic resource allocation. It explains that ResourceClaimTemplates are used to create ResourceClaim objects for Pods, how they are bound to Pods, and the lifecycle management of these claims, all of which are relevant details to the question asked."
NON_RELEVANT,"The generated answer states that 'Drivers' create and manage ResourceSlices in a Kubernetes cluster, which is inaccurate and does not address the question appropriately. In Kubernetes, scheduling and resource management tasks typically involve controllers, the scheduler, and custom resource definitions (CRDs), but not 'Drivers.' Therefore, the answer is not relevant to the question at hand."
RELEVANT,"The generated answer appropriately describes how the kubelet ensures container health by checking their state and informing their lifecycle, directly addressing the question about maintaining the health of containers as described in PodSpecs."
RELEVANT,"The generated answer provides direct links to the Kubernetes community repository and a specific document listing SIGs and Working Groups, which directly addresses the question of where to find more details about them."
RELEVANT,"The generated answer correctly identifies the primary purpose of a LimitRange in Kubernetes, which is to constrain resource consumption per Pod or Container within a specific namespace. This directly addresses the question and provides an accurate description of the function of a LimitRange."
RELEVANT,"The generated answer directly addresses the question by providing the specific command 'kubectl top pod -l name=myLabel' to display metrics for pods based on a specific label, which is precisely what the question asks."
RELEVANT,"The generated answer directly addresses the question by explaining that EndpointSlices can be manually created to represent the endpoints for Services that do not have a selector, which aligns with how EndpointSlices function in Kubernetes."
RELEVANT,"The generated answer correctly identifies the two types of volume plugins, which are 'in-tree plugins' and 'out-of-tree plugins', and directly addresses the question asked."
RELEVANT,"The generated answer directly addresses the question by confirming that the 'securityContext' allows for setting the user and group for running processes. It also briefly elaborates on additional aspects of 'securityContext', such as privilege and access control settings, which are related to the user's query."
RELEVANT,"The generated answer directly addresses the question by explaining why someone might use an init container in a pod configuration. It highlights the purpose of init containers, such as running to completion before app containers start, allowing for separation of initial tasks, and the sequential nature of their execution, all of which are relevant to understanding their use."
RELEVANT,"The generated answer accurately describes the purpose of the `--dry-run=client` option. It correctly explains that the option allows for previewing API objects without creating them, which aligns with the purpose of verifying the structure and correctness of commands without making changes to the cluster."
RELEVANT,"The generated answer directly addresses the question, confirming that CIDR (Classless Inter-Domain Routing) is applicable to both IPv4 and IPv6 within the context of Kubernetes. This is accurate and relevant to the question asked."
PARTLY_RELEVANT,"The generated answer provides useful information about the nature of events in Kubernetes and how they should be perceived. However, it does not directly address the 'recommended way' to use or implement events in Kubernetes, such as best practices or guidelines. It touches on their characteristics and limitations but lacks specific recommendations or methods for effective use."
RELEVANT,"The generated answer directly addresses the question by explaining that devices are claimed in a workload using DeviceClasses through claims filtering for specific device parameters. Additionally, it mentions the role of administrators or device owners in defining the set of devices within a DeviceClass that can be claimed, which is pertinent to the question."
RELEVANT,"The generated answer directly addresses the question by providing a command that can be used to obtain logs from a specific pod while limiting the log file size to a specified number of bytes. It instructs to replace `POD_NAME` with the actual pod name and adjust the byte limit, which is precisely what the question asks for."
PARTLY_RELEVANT,"The answer attempts to address the task of updating pods with a specific label, but the provided command is incorrect as it does not update existing labels. Instead, it adds a new label 'status=unhealthy' to all pods, which does not meet the specific requirement of updating a specific label. Additionally, the answer does not clarify how to apply this command within a particular namespace."
RELEVANT,"The generated answer correctly explains the purpose of CRI-O within the Kubernetes ecosystem as it details how CRI-O enables Kubernetes to use OCI-compliant runtimes for running containers and fetching images, which aligns with the function of CRI-O."
PARTLY_RELEVANT,"The generated answer explains how Group Version Resources (GVRs) provide a stable representation of specific Kubernetes APIs, which is partly relevant to handling API changes. However, it does not directly address how GVRs specifically help when APIs change, such as ensuring backward compatibility or facilitating migration to new versions. The response lacks detail on handling versioning changes or compatibility concerns, which would make it fully relevant."
RELEVANT,"The generated answer provides the exact command 'kubectl api-resources --sort-by=name' which is directly relevant to the question about sorting the list of supported API resources by name. It precisely addresses the query, making it a relevant response."
RELEVANT,"The generated answer correctly explains that Kubernetes assigns a unique UID to each object to ensure its unique identity, which directly addresses the question."
RELEVANT,The generated answer accurately responds to the question by explaining that users can request a specific storage type in Kubernetes by specifying a particular `StorageClass` object. This directly addresses the query about how users can request a specific storage type in Kubernetes.
RELEVANT,"The generated answer directly addresses the question by providing a command to create an ingress with two specific annotations and a default Ingress Class. It includes both the use of annotations and the designation of a default Ingress Class, which aligns well with the requirements specified in the question."
RELEVANT,"The generated answer accurately explains that in the context of Group Version Resources (GVRs), the term 'resource' refers to the name for the object kind as it appears in the URI, which is relevant to understanding its role in accessing a particular object in Kubernetes."
RELEVANT,"The generated answer directly points to the documentation about 'Sidecar containers' in Kubernetes, which is relevant to the user's request for detailed information on the topic."
RELEVANT,The generated answer accurately explains how workload management controllers use Pod templates in Kubernetes. It details how Pod templates are used to define metadata and the desired state of Pods and how they are embedded in objects like Deployments or StatefulSets to manage Pods. The answer is directly relevant to the question asked.
RELEVANT,"The generated answer directly addresses the question by explaining why 'kubectl top' is not suitable for high-accuracy reporting or alerting. It clarifies that 'kubectl top' is designed for low-overhead signals for autoscalers and not for precise monitoring, suggesting the use of dedicated monitoring tools for accurate reporting and alerting."
RELEVANT,"The generated answer correctly identifies typical characteristics used in a hash function for determining a queue index, such as the 5-tuple of source and destination address, protocol, and source and destination port. These are standard elements used in network-related hashing schemes."
PARTLY_RELEVANT,"The answer correctly describes that higher values indicate higher priority, which is relevant to the question. However, the range of integer values for priority is incorrect. Typically, priority values range from a minimum integer value (often -2147483648) to a maximum integer value (typically 2147483647) based on standard integer ranges, but the upper limit of 1000000000 is not commonly used or defined for priority levels. Therefore, the information about the range is partly irrelevant or inaccurate in this context."
PARTLY_RELEVANT,"The generated answer partially addresses the question by stating that Minikube runs a local Kubernetes cluster inside a VM. However, it lacks details on how this process is achieved and does not explain the specific components or steps involved in running the cluster, which are crucial to fully understanding the mechanism behind Minikube's operation."
PARTLY_RELEVANT,"The generated answer provides a command that aims to list deployments in 'v1' version of the 'apps' API group in JSON format. However, the correct kubectl command would be 'kubectl get deployments.apps/v1 -o json'. The use of 'deployments.v1.apps' is incorrect according to kubectl syntax, but the intention is clear, and it provides guidance towards the correct command."
RELEVANT,"The generated answer directly addresses the question by clarifying that contributing to the Kubernetes project involves more than just donating code. It provides a broader view of what contributions can include, making the answer comprehensive and relevant to the question."
RELEVANT,"The generated answer directly addresses the question by providing an example of a situation in Kubernetes where using a watch would be more efficient than polling. It explains how a watch can efficiently detect changes in a ConfigMap, which is a valid use case in Kubernetes, making the answer relevant to the question posed."
